{
  "project_info": {
    "project_number": "626479957721",
    "project_id": "future-trading-96bc7",
    "storage_bucket": "future-trading-96bc7.firebasestorage.app"
  },
  "client": [
    {
      "client_info": {
        "mobilesdk_app_id": "1:626479957721:android:022fc814c5189709b420c8",
        "android_client_info": {
          "package_name": "com.future.trading"
        }
      },
      "oauth_client": [],
      "api_key": [
        {
          "current_key": "AIzaSyCa56yA-GHFC1eHTQrSd30oPhZErgbYuQY"
        }
      ],
      "services": {
        "appinvite_service": {
          "other_platform_oauth_client": []
        }
      }
    }
  ],
  "configuration_version": "1"
}